,type,count,total_ratio
0,House,23978,0.6879357337541242
1,Townhouse,3580,0.10271123224788409
2,Unit,7297,0.20935303399799168
