,Regionname,Count,ratio_of_total
0,Eastern Metropolitan,4377,0.12558459816945455
1,Eastern Victoria,228,0.0065417611109517115
2,Northern Metropolitan,9557,0.27420881990072593
3,Northern Victoria,202,0.005795770808825639
4,South-Eastern Metropolitan,1739,0.049895274438355376
5,Southern Metropolitan,11836,0.33959773907554586
6,Western Metropolitan,6799,0.19507646400596793
7,Western Victoria,115,0.003299572490173012
